mard_code,group,number,hex,r,g,b
A1,A,1,#FAF4C8,250,244,200
B1,B,1,#E6EE31,230,238,49
C1,C,1,#E8FFE7,232,255,231
D1,D,1,#AEB4F2,174,180,242
E1,E,1,#FDD3CC,253,211,204
F1,F,1,#FD957B,253,149,123
G1,G,1,#FFE2CE,255,226,206
H1,H,1,#FDFBFF,253,251,255
M1,M,1,#BCC6B8,188,198,184
P1,P,1,#FCF7F8,252,247,248
Q1,Q,1,#F2A5E8,242,165,232
R1,R,1,#D50D21,213,13,33
T1,T,1,#FFFFFF,255,255,255
Y1,Y,1,#FD6FB4,253,111,180
ZG1,ZG,1,#DAABB3,218,171,179
A2,A,2,#FFFFD5,255,255,213
B2,B,2,#63F347,99,243,71
C2,C,2,#A9F9FC,169,249,252
D2,D,2,#858EDD,133,142,221
E2,E,2,#FEC0DF,254,192,223
F2,F,2,#FC3D46,252,61,70
G2,G,2,#FFC4AA,255,196,170
H2,H,2,#FEFFFF,254,255,255
M2,M,2,#8AA386,138,163,134
P2,P,2,#B0A9AC,176,169,172
Q2,Q,2,#E9EC91,233,236,145
R2,R,2,#F92F83,249,47,131
Y2,Y,2,#FEB481,254,180,129
ZG2,ZG,2,#D6AA87,214,170,135
A3,A,3,#FEFF8B,254,255,139
B3,B,3,#9EF780,158,247,128
C3,C,3,#A0E2FB,160,226,251
D3,D,3,#2F54AF,47,84,175
E3,E,3,#FFB7E7,255,183,231
F3,F,3,#F74941,247,73,65
G3,G,3,#F4C3A5,244,195,165
H3,H,3,#B6B1BA,182,177,186
M3,M,3,#697D80,105,125,128
P3,P,3,#AFDCAB,175,220,171
Q3,Q,3,#FFFF00,255,255,0
R3,R,3,#FD8324,253,131,36
Y3,Y,3,#D7FAA0,215,250,160
ZG3,ZG,3,#C1BD8D,193,189,141
A4,A,4,#FBED56,251,237,86
B4,B,4,#5DE035,93,224,53
C4,C,4,#41CCFF,65,204,255
D4,D,4,#182A84,24,42,132
E4,E,4,#E8649E,232,100,158
F4,F,4,#FC283C,252,40,60
G4,G,4,#E1B383,225,179,131
H4,H,4,#89858C,137,133,140
M4,M,4,#E3D2BC,227,210,188
P4,P,4,#FEA49F,254,164,159
Q4,Q,4,#FFEBFA,255,235,250
R4,R,4,#F8EC31,248,236,49
Y4,Y,4,#8BDBFA,139,219,250
ZG4,ZG,4,#96869F,150,134,159
A5,A,5,#F4D738,244,215,56
B5,B,5,#35E352,53,227,82
C5,C,5,#01ACEB,1,172,235
D5,D,5,#B843C5,184,67,197
E5,E,5,#F551A2,245,81,162
F5,F,5,#E7002F,231,0,47
G5,G,5,#EDB045,237,176,69
H5,H,5,#48464E,72,70,78
M5,M,5,#D0CCAA,208,204,170
P5,P,5,#EE8C3E,238,140,62
Q5,Q,5,#76CEDE,118,206,222
R5,R,5,#35C75B,53,199,91
Y5,Y,5,#E987EA,233,135,234
ZG5,ZG,5,#8490A6,132,144,166
A6,A,6,#FEAC4C,254,172,76
B6,B,6,#65E2A6,101,226,166
C6,C,6,#50AAF0,80,170,240
D6,D,6,#AC7BDE,172,123,222
E6,E,6,#F13D74,241,61,116
F6,F,6,#943630,148,54,48
G6,G,6,#E99C17,233,156,23
H6,H,6,#2F2B2F,47,43,47
M6,M,6,#B0A782,176,167,130
P6,P,6,#5FD0A7,95,208,167
R6,R,6,#238891,35,136,145
ZG6,ZG,6,#94BFE2,148,191,226
A7,A,7,#FE8B4C,254,139,76
B7,B,7,#3DAF80,61,175,128
C7,C,7,#3677D2,54,119,210
D7,D,7,#8854B3,136,84,179
E7,E,7,#C63478,198,52,120
F7,F,7,#971937,151,25,55
G7,G,7,#9D5B3E,157,91,62
H7,H,7,#000000,0,0,0
M7,M,7,#B4A497,180,164,151
P7,P,7,#EB9270,235,146,112
R7,R,7,#19779D,25,119,157
ZG7,ZG,7,#E2A9D2,226,169,210
A8,A,8,#FFDA45,255,218,69
B8,B,8,#1C9C4F,28,156,79
C8,C,8,#0F54C0,15,84,192
D8,D,8,#E2D3FF,226,211,255
E8,E,8,#FFDBE9,255,219,233
F8,F,8,#BC0028,188,0,40
G8,G,8,#753832,117,56,50
H8,H,8,#E7D6DB,231,214,219
M8,M,8,#B38281,179,130,129
P8,P,8,#F0D958,240,217,88
R8,R,8,#1A60C3,26,96,195
ZG8,ZG,8,#AB91C0,171,145,192
A9,A,9,#FF995B,255,153,91
B9,B,9,#27523A,39,82,58
C9,C,9,#324BCA,50,75,202
D9,D,9,#D5B9F8,213,185,248
E9,E,9,#E970CC,233,112,204
F9,F,9,#E2677A,226,103,122
G9,G,9,#E6B483,230,180,131
H9,H,9,#EDEDED,237,237,237
M9,M,9,#A58767,165,135,103
P9,P,9,#D9D9D9,217,217,217
R9,R,9,#9A56B4,154,86,180
A10,A,10,#F77C31,247,124,49
B10,B,10,#95D3C2,149,211,194
C10,C,10,#3EBCE2,62,188,226
D10,D,10,#361851,54,24,81
E10,E,10,#D33793,211,55,147
F10,F,10,#8A4526,138,69,38
G10,G,10,#D98C39,217,140,57
H10,H,10,#EEE9EA,238,233,234
M10,M,10,#C5B2BC,197,178,188
P10,P,10,#D9C7EA,217,199,234
R10,R,10,#FFDB4C,255,219,76
A11,A,11,#FFDD99,255,221,153
B11,B,11,#5D722A,93,114,42
C11,C,11,#28DDDE,40,221,222
D11,D,11,#B9BAE1,185,186,225
E11,E,11,#FCDDD2,252,221,210
F11,F,11,#5A2121,90,33,33
G11,G,11,#E0C593,224,197,147
H11,H,11,#CECDD5,206,205,213
M11,M,11,#9F7594,159,117,148
P11,P,11,#F3ECC9,243,236,201
R11,R,11,#FFEBFB,255,235,251
A12,A,12,#FE9F72,254,159,114
B12,B,12,#166F41,22,111,65
C12,C,12,#1C334D,28,51,77
D12,D,12,#DE9AD4,222,154,212
E12,E,12,#F78FC3,247,143,195
F12,F,12,#FD4E6A,253,78,106
G12,G,12,#FFC890,255,200,144
H12,H,12,#FFF5ED,255,245,237
M12,M,12,#644749,100,71,73
P12,P,12,#E6EEF2,230,238,242
R12,R,12,#D8D5CE,216,213,206
A13,A,13,#FFC365,255,195,101
B13,B,13,#CAEB7B,202,235,123
C13,C,13,#CDE8FF,205,232,255
D13,D,13,#B90095,185,0,149
E13,E,13,#B5006D,181,0,109
F13,F,13,#F35744,243,87,68
G13,G,13,#B7714A,183,113,74
H13,H,13,#F5ECD2,245,236,210
M13,M,13,#D19066,209,144,102
P13,P,13,#AACBEF,170,203,239
R13,R,13,#55514C,85,81,76
A14,A,14,#FD543D,253,84,61
B14,B,14,#ADE946,173,233,70
C14,C,14,#D5FDFF,213,253,255
D14,D,14,#8B279B,139,39,155
E14,E,14,#FFD1BA,255,209,186
F14,F,14,#FFA9AD,255,169,173
G14,G,14,#8D614C,141,97,76
H14,H,14,#CFD7D3,207,215,211
M14,M,14,#C77362,199,115,98
P14,P,14,#337680,51,118,128
R14,R,14,#9FE4DF,159,228,223
A15,A,15,#FFF365,255,243,101
B15,B,15,#2E5132,46,81,50
C15,C,15,#22C4C6,34,196,198
D15,D,15,#2F1F90,47,31,144
E15,E,15,#F8C7C9,248,199,201
F15,F,15,#D30022,211,0,34
G15,G,15,#FCF9E0,252,249,224
H15,H,15,#98A6A8,152,166,168
M15,M,15,#757D78,117,125,120
P15,P,15,#668575,102,133,117
R15,R,15,#77CEE9,119,206,233
A16,A,16,#FFFF9F,255,255,159
B16,B,16,#C5ED9C,197,237,156
C16,C,16,#1557A8,21,87,168
D16,D,16,#E3E1EE,227,225,238
E16,E,16,#FFF3EB,255,243,235
F16,F,16,#FEC2A6,254,194,166
G16,G,16,#F2D9BA,242,217,186
H16,H,16,#1D1414,29,20,20
P16,P,16,#FEBF45,254,191,69
R16,R,16,#3ECFCA,62,207,202
A17,A,17,#FFE36E,255,227,110
B17,B,17,#9BB13A,155,177,58
C17,C,17,#04D1F6,4,209,246
D17,D,17,#C4D4F6,196,212,246
E17,E,17,#FFE2EA,255,226,234
F17,F,17,#E69C79,230,156,121
G17,G,17,#78524B,120,82,75
H17,H,17,#F1EDED,241,237,237
P17,P,17,#FEA324,254,163,36
R17,R,17,#4A867A,74,134,122
A18,A,18,#FEBE7D,254,190,125
B18,B,18,#E6EE49,230,238,73
C18,C,18,#1D3344,29,51,68
D18,D,18,#A45EC7,164,94,199
E18,E,18,#FFC7DB,255,199,219
F18,F,18,#D37C46,211,124,70
G18,G,18,#FFE4CC,255,228,204
H18,H,18,#FFFDF0,255,253,240
P18,P,18,#FEB89F,254,184,159
R18,R,18,#7FCD9D,127,205,157
A19,A,19,#FD7C72,253,124,114
B19,B,19,#24B88C,36,184,140
C19,C,19,#1887A2,24,135,162
D19,D,19,#D8C3D7,216,195,215
E19,E,19,#FEBAD5,254,186,213
F19,F,19,#C1444A,193,68,74
G19,G,19,#E07935,224,121,53
H19,H,19,#F6EFE2,246,239,226
P19,P,19,#FFFEEC,255,254,236
R19,R,19,#CDE55D,205,229,93
A20,A,20,#FFD568,255,213,104
B20,B,20,#C2F0CC,194,240,204
C20,C,20,#176DAF,23,109,175
D20,D,20,#9C32B2,156,50,178
E20,E,20,#D8C7D1,216,199,209
F20,F,20,#CD9391,205,147,145
G20,G,20,#A94023,169,64,35
H20,H,20,#949FA3,148,159,163
P20,P,20,#FEBECF,254,190,207
R20,R,20,#E8C7B4,232,199,180
A21,A,21,#FFE395,255,227,149
B21,B,21,#156A6B,21,106,107
C21,C,21,#BEDDFF,190,221,255
D21,D,21,#9A009B,154,0,155
E21,E,21,#BD9DA1,189,157,161
F21,F,21,#F7B4C6,247,180,198
G21,G,21,#B88558,184,133,88
H21,H,21,#FFFBE1,255,251,225
P21,P,21,#ECBEBF,236,190,191
R21,R,21,#AD6F3C,173,111,60
A22,A,22,#F4F57D,244,245,125
B22,B,22,#0B3C43,11,60,67
C22,C,22,#67B4BE,103,180,190
D22,D,22,#333A95,51,58,149
E22,E,22,#B785A1,183,133,161
F22,F,22,#FDC0D0,253,192,208
H22,H,22,#CACAD4,202,202,212
P22,P,22,#E4A89F,228,168,159
R22,R,22,#6C372F,108,55,47
A23,A,23,#E6C9B7,230,201,183
B23,B,23,#303A21,48,58,33
C23,C,23,#C8E2FF,200,226,255
D23,D,23,#EBDAFC,235,218,252
E23,E,23,#937A8D,147,122,141
F23,F,23,#F67E66,246,126,102
H23,H,23,#9A9D94,154,157,148
P23,P,23,#A56268,165,98,104
R23,R,23,#FEB872,254,184,114
A24,A,24,#F7F8A2,247,248,162
B24,B,24,#EEFCA5,238,252,165
C24,C,24,#7CC4FF,124,196,255
D24,D,24,#7786E5,119,134,229
E24,E,24,#E1BCE8,225,188,232
F24,F,24,#E698AA,230,152,170
R24,R,24,#F3C1C0,243,193,192
A25,A,25,#FFD67D,255,214,125
B25,B,25,#4E846D,78,132,109
C25,C,25,#A9E5E5,169,229,229
D25,D,25,#494FC7,73,79,199
F25,F,25,#E54B4F,229,75,79
R25,R,25,#C9675E,201,103,94
A26,A,26,#FFC830,255,200,48
B26,B,26,#8D7A35,141,122,53
C26,C,26,#3CAED8,60,174,216
D26,D,26,#DFC2F8,223,194,248
R26,R,26,#D293BE,210,147,190
B27,B,27,#CCE1AF,204,225,175
C27,C,27,#D3DFFA,211,223,250
R27,R,27,#EA8CB1,234,140,177
B28,B,28,#9EE5B9,158,229,185
C28,C,28,#BBCFED,187,207,237
R28,R,28,#9C87D6,156,135,214
B29,B,29,#C5E254,197,226,84
C29,C,29,#34488E,52,72,142
B30,B,30,#E2FCB1,226,252,177
B31,B,31,#B0E792,176,231,146
B32,B,32,#9CAB5A,156,171,90
